-- users table
INSERT INTO users (name, phone) VALUES 
('王小明', '1234567890'),
('李小華', '2345678901'),
('陳大同', '3456789012'),
('林美麗', '4567890123'),
('張文昌', '5678901234'),
('黃秀玲', '6789012345'),
('鄭志強', '7890123456'),
('謝怡君', '8901234567'),
('劉德華', '9012345678'),
('楊志遠', '0123456789'),
('周美珍', '1112223333'),
('吳宗憲', '2223334444'),
('徐若瑄', '3334445555'),
('沈玉琳', '4445556666'),
('宋慧喬', '5556667777'),
('胡瓜', '6667778888'),
('潘瑋柏', '7778889999'),
('江蕙', '8889990000'),
('馬英九', '9990001111'),
('蔡依林', '0001112222');

-- drivers table
INSERT INTO drivers (user_id, direction, available_date, start_time, end_time) VALUES 
(1, '山上往山下', '2024-07-20', '09:00', '17:00'),
(2, '山下往山上', '2024-07-21', '10:00', '18:00'),
(3, '山上往山下', '2024-07-22', '11:00', '19:00'),
(4, '山下往山上', '2024-07-23', '08:00', '16:00'),
(5, '山上往山下', '2024-07-24', '09:00', '17:00'),
(6, '山下往山上', '2024-07-25', '10:00', '18:00'),
(7, '山上往山下', '2024-07-26', '11:00', '19:00'),
(8, '山下往山上', '2024-07-27', '08:00', '16:00'),
(9, '山上往山下', '2024-07-28', '09:00', '17:00'),
(10, '山下往山上', '2024-07-29', '10:00', '18:00');

-- orders table
INSERT INTO orders (buyer_id, seller_id, date, time, location, is_urgent, total_price, previous_driver_id, previous_driver_name, previous_driver_phone) VALUES 
(1, 2, '2024-07-20', '12:00', '飛鼠不渴露營農場', FALSE, 100.0, 1, '王小明', '1234567890'),
(2, 3, '2024-07-21', '13:00', '樹不老休閒莊園', TRUE, 200.0, 2, '李小華', '2345678901'),
(3, 4, '2024-07-22', '14:00', '戀戀雅渡農場', FALSE, 150.0, 3, '陳大同', '3456789012'),
(4, 5, '2024-07-23', '15:00', '飛鼠不渴露營農場', TRUE, 250.0, 4, '林美麗', '4567890123'),
(5, 6, '2024-07-24', '16:00', '樹不老休閒莊園', FALSE, 300.0, 5, '張文昌', '5678901234'),
(6, 7, '2024-07-25', '17:00', '戀戀雅渡農場', TRUE, 350.0, 6, '黃秀玲', '6789012345'),
(7, 8, '2024-07-26', '18:00', '飛鼠不渴露營農場', FALSE, 400.0, 7, '鄭志強', '7890123456'),
(8, 9, '2024-07-27', '19:00', '樹不老休閒莊園', TRUE, 450.0, 8, '謝怡君', '8901234567'),
(9, 10, '2024-07-28', '20:00', '戀戀雅渡農場', FALSE, 500.0, 9, '劉德華', '9012345678'),
(10, 1, '2024-07-29', '21:00', '飛鼠不渴露營農場', TRUE, 550.0, 10, '楊志遠', '0123456789'),
(11, 12, '2024-07-30', '10:00', '樹不老休閒莊園', FALSE, 600.0, 1, '王小明', '1234567890'),
(12, 13, '2024-07-31', '11:00', '戀戀雅渡農場', TRUE, 650.0, 2, '李小華', '2345678901'),
(13, 14, '2024-08-01', '12:00', '飛鼠不渴露營農場', FALSE, 700.0, 3, '陳大同', '3456789012'),
(14, 15, '2024-08-02', '13:00', '樹不老休閒莊園', TRUE, 750.0, 4, '林美麗', '4567890123'),
(15, 16, '2024-08-03', '14:00', '戀戀雅渡農場', FALSE, 800.0, 5, '張文昌', '5678901234'),
(16, 17, '2024-08-04', '15:00', '飛鼠不渴露營農場', TRUE, 850.0, 6, '黃秀玲', '6789012345'),
(17, 18, '2024-08-05', '16:00', '樹不老休閒莊園', FALSE, 900.0, 7, '鄭志強', '7890123456'),
(18, 19, '2024-08-06', '17:00', '戀戀雅渡農場', TRUE, 950.0, 8, '謝怡君', '8901234567'),
(19, 20, '2024-08-07', '18:00', '飛鼠不渴露營農場', FALSE, 1000.0, 9, '劉德華', '9012345678'),
(20, 11, '2024-08-08', '19:00', '樹不老休閒莊園', TRUE, 1050.0, 10, '楊志遠', '0123456789');

-- order_items table
INSERT INTO order_items (order_id, item_id, item_name, price, quantity, img) VALUES 
(1, '001', 'Item 1', 10.0, 2, 'img1.jpg'),
(2, '002', 'Item 2', 20.0, 3, 'img2.jpg'),
(3, '003', 'Item 3', 30.0, 4, 'img3.jpg'),
(4, '004', 'Item 4', 40.0, 5, 'img4.jpg'),
(5, '005', 'Item 5', 50.0, 6, 'img5.jpg'),
(6, '006', 'Item 6', 60.0, 7, 'img6.jpg'),
(7, '007', 'Item 7', 70.0, 8, 'img7.jpg'),
(8, '008', 'Item 8', 80.0, 9, 'img8.jpg'),
(9, '009', 'Item 9', 90.0, 10, 'img9.jpg'),
(10, '010', 'Item 10', 100.0, 11, 'img10.jpg'),
(11, '011', 'Item 11', 110.0, 12, 'img11.jpg'),
(12, '012', 'Item 12', 120.0, 13, 'img12.jpg'),
(13, '013', 'Item 13', 130.0, 14, 'img13.jpg'),
(14, '014', 'Item 14', 140.0, 15, 'img14.jpg'),
(15, '015', 'Item 15', 150.0, 16, 'img15.jpg'),
(16, '016', 'Item 16', 160.0, 17, 'img16.jpg'),
(17, '017', 'Item 17', 170.0, 18, 'img17.jpg'),
(18, '018', 'Item 18', 180.0, 19, 'img18.jpg'),
(19, '019', 'Item 19', 190.0, 20, 'img19.jpg'),
(20, '020', 'Item 20', 200.0, 21, 'img20.jpg');

-- driver_orders table
INSERT INTO driver_orders (driver_id, order_id, action, previous_driver_id, previous_driver_name, previous_driver_phone) VALUES 
(1, 1, '接單', 2, '王小明', '1234567890'),
(2, 2, '轉單', 3, '李小華', '2345678901'),
(3, 3, '完成', 4, '陳大同', '3456789012'),
(4, 4, '接單', 5, '林美麗', '4567890123'),
(5, 5, '轉單', 6, '張文昌', '5678901234'),
(6, 6, '完成', 7, '黃秀玲', '6789012345'),
(7, 7, '接單', 8, '鄭志強', '7890123456'),
(8, 8, '轉單', 9, '謝怡君', '8901234567'),
(9, 9, '完成', 10, '劉德華', '9012345678'),
(10, 10, '接單', 1, '楊志遠', '0123456789'),
(1, 11, '轉單', 2, '王小明', '1234567890'),
(2, 12, '完成', 3, '李小華', '2345678901'),
(3, 13, '接單', 4, '陳大同', '3456789012'),
(4, 14, '轉單', 5, '林美麗', '4567890123'),
(5, 15, '完成', 6, '張文昌', '5678901234'),
(6, 16, '接單', 7, '黃秀玲', '6789012345'),
(7, 17, '轉單', 8, '鄭志強', '7890123456'),
(8, 18, '完成', 9, '謝怡君', '8901234567'),
(9, 19, '接單', 10, '劉德華', '9012345678'),
(10, 20, '轉單', 1, '楊志遠', '0123456789');
